<?xml version="1.0" encoding="UTF-8"?><export xmlns:xsi="http://www.w3.org/2001/XMLSchema-instance" xmlns="http://zakupki.gov.ru/oos/export/1" xmlns:oos="http://zakupki.gov.ru/oos/types/1"><unfairSupplier schemeVersion="5.2"><oos:registryNum>РНП.54584-15</oos:registryNum><oos:publishDate>2015-09-10T00:00:00Z</oos:publishDate><oos:approveDate>2015-09-10T00:00:00Z</oos:approveDate><oos:state>PUBLISHED</oos:state><oos:publishOrg><oos:regNum>01731000120</oos:regNum><oos:fullName>Федеральная антимонопольная служба</oos:fullName></oos:publishOrg><oos:createReason>CANCEL_CONTRACT</oos:createReason><oos:approveReason>решение от 02.09.15 по делу № Р-70/15</oos:approveReason><oos:customer><oos:regNum>01591000002</oos:regNum><oos:fullName>УПРАВЛЕНИЕ СУДЕБНОГО ДЕПАРТАМЕНТА В РЯЗАНСКОЙ ОБЛАСТИ</oos:fullName><oos:factAddress>Российская Федерация, 390000, Рязанская обл, Рязань г, НИКОЛОДВОРЯНСКАЯ, 12</oos:factAddress><oos:INN>6228037520</oos:INN><oos:KPP>623401001</oos:KPP></oos:customer><oos:unfairSupplier><oos:fullName>ОБЩЕСТВО С ОГРАНИЧЕННОЙ ОТВЕТСТВЕННОСТЬЮ &quot;РУПРЕСС&quot;</oos:fullName><oos:type>U</oos:type><oos:inn>5528030764</oos:inn><oos:place><oos:kladr><oos:kladrCode>550210000770015</oos:kladrCode><oos:fullName>Парковая ул</oos:fullName><oos:subjectRF>Омская обл</oos:subjectRF><oos:area>Омский р-н</oos:area><oos:city>Розовка с</oos:city><oos:street>Парковая</oos:street><oos:building>д. 52</oos:building><oos:office>оф. 2</oos:office></oos:kladr><oos:zip>644508</oos:zip><oos:place></oos:place><oos:email></oos:email></oos:place><oos:founders><oos:names>учредитель Матвийчак Д.Е.</oos:names><oos:inn></oos:inn></oos:founders></oos:unfairSupplier><oos:purchase><oos:purchaseNumber>0159100000215000084</oos:purchaseNumber><oos:purchaseObjectInfo>Оказание услуг по подписке и доставке периодических печатных изданий на полугодие года для районных судов г Рязани и Рязанской области Рязанского гарнизонного военного суда</oos:purchaseObjectInfo><oos:placingWayName>Запрос котировок</oos:placingWayName><oos:protocolDate>2015-05-22</oos:protocolDate><oos:lotNumber>1</oos:lotNumber><oos:document><oos:date>2015-05-22</oos:date></oos:document></oos:purchase><oos:contract><oos:regNum>1622803752015000121</oos:regNum><oos:productInfo>Подписка и доставка периодических печатных изданий</oos:productInfo><oos:OKPD><oos:code>64.11.11.141</oos:code><oos:name>Услуги по подписке на отечественные газеты, журналы и другие периодические издания</oos:name></oos:OKPD><oos:currency><oos:code>RUB</oos:code><oos:name>Российский рубль</oos:name></oos:currency><oos:price>73735</oos:price><oos:cancel><oos:signDate>2015-06-02</oos:signDate><oos:performanceDate>2015-12-31</oos:performanceDate><oos:base><oos:name>Односторонний отказ заказчика от исполнения контракта в соответствии с гражданским законодательством</oos:name></oos:base><oos:cancelDate>2015-07-27</oos:cancelDate></oos:cancel></oos:contract></unfairSupplier></export>