<?xml version="1.0" encoding="UTF-8"?><export xmlns:xsi="http://www.w3.org/2001/XMLSchema-instance" xmlns="http://zakupki.gov.ru/oos/export/1" xmlns:oos="http://zakupki.gov.ru/oos/types/1"><unfairSupplier schemeVersion="5.2"><oos:registryNum>РНП.54530-15</oos:registryNum><oos:publishDate>2015-09-10T00:00:00Z</oos:publishDate><oos:approveDate>2015-09-08T00:00:00Z</oos:approveDate><oos:state>PUBLISHED</oos:state><oos:publishOrg><oos:regNum>01531000032</oos:regNum><oos:fullName>УПРАВЛЕНИЕ ФЕДЕРАЛЬНОЙ АНТИМОНОПОЛЬНОЙ СЛУЖБЫ ПО ОРЕНБУРГСКОЙ ОБЛАСТИ</oos:fullName></oos:publishOrg><oos:createReason>WINNER_DEVIATION</oos:createReason><oos:approveReason>решение № рнп-56-08-06-389/2015</oos:approveReason><oos:customer><oos:regNum>03532000191</oos:regNum><oos:fullName>государственное бюджетное учреждение социального обслуживания Оренбургской области &quot;Гайский детский дом-интернат для умственно отсталых детей&quot;</oos:fullName><oos:factAddress>Российская Федерация, 462630, Оренбургская обл, Гай г, Челябинская, 119</oos:factAddress><oos:INN>5604004906</oos:INN><oos:KPP>560401001</oos:KPP></oos:customer><oos:unfairSupplier><oos:fullName>ООО &quot;Медицинский Альянс&quot;</oos:fullName><oos:type>U</oos:type><oos:inn>5612083122</oos:inn><oos:place><oos:kladr><oos:kladrCode>560000010000285</oos:kladrCode><oos:fullName>Цвиллинга ул</oos:fullName><oos:subjectRF>Оренбургская обл</oos:subjectRF><oos:area>Оренбург г</oos:area><oos:street>Цвиллинга</oos:street><oos:building>46</oos:building></oos:kladr><oos:zip>460000</oos:zip><oos:place></oos:place><oos:email></oos:email></oos:place></oos:unfairSupplier><oos:purchase><oos:purchaseNumber>0153200000214017197</oos:purchaseNumber><oos:purchaseObjectInfo>На поставку  фруктового  пюре для детского питания</oos:purchaseObjectInfo><oos:placingWayName>Электронный аукцион</oos:placingWayName><oos:protocolDate>2014-12-22</oos:protocolDate><oos:lotNumber>1</oos:lotNumber><oos:document><oos:date>2014-12-22</oos:date></oos:document></oos:purchase><oos:contract><oos:productInfo>Фруктовое пюре для детского питания</oos:productInfo><oos:OKPD><oos:code>15.88.10.149</oos:code><oos:name>Продукты плодово-ягодные гомогенизированные прочие</oos:name></oos:OKPD><oos:currency><oos:code>RUB</oos:code><oos:name>Российский рубль</oos:name></oos:currency><oos:price>3781200</oos:price></oos:contract></unfairSupplier></export>