<?xml version="1.0" encoding="UTF-8"?><export xmlns:xsi="http://www.w3.org/2001/XMLSchema-instance" xmlns="http://zakupki.gov.ru/oos/export/1" xmlns:oos="http://zakupki.gov.ru/oos/types/1"><unfairSupplier schemeVersion="5.2"><oos:approveDate>2015-08-12T00:00:00Z</oos:approveDate><oos:state>REVIEW_CANCELED</oos:state><oos:publishOrg><oos:regNum>01511000186</oos:regNum><oos:fullName>УПРАВЛЕНИЕ ФЕДЕРАЛЬНОЙ АНТИМОНОПОЛЬНОЙ СЛУЖБЫ ПО НОВОСИБИРСКОЙ ОБЛАСТИ</oos:fullName></oos:publishOrg><oos:createReason>WINNER_DEVIATION</oos:createReason><oos:customer><oos:regNum>01512000078</oos:regNum><oos:fullName>МИНИСТЕРСТВО ТРУДА, ЗАНЯТОСТИ И ТРУДОВЫХ РЕСУРСОВ НОВОСИБИРСКОЙ ОБЛАСТИ</oos:fullName><oos:factAddress>Российская Федерация, 630004, Новосибирская обл, Новосибирск г, Ленина, 28, -</oos:factAddress><oos:INN>5407462382</oos:INN><oos:KPP>540701001</oos:KPP></oos:customer><oos:unfairSupplier><oos:fullName>ОБЩЕСТВО С ОГРАНИЧЕННОЙ ОТВЕТСТВЕННОСТЬЮ &quot;ТРЕЙД-РМ&quot;</oos:fullName><oos:type>U</oos:type><oos:inn>5503250038</oos:inn><oos:kpp>550301001</oos:kpp><oos:place><oos:kladr><oos:kladrCode>550000010000530</oos:kladrCode><oos:fullName>Краснознаменная ул</oos:fullName><oos:subjectRF>Омская обл</oos:subjectRF><oos:area>Омск г</oos:area><oos:street>Краснознаменная</oos:street><oos:building>26/4</oos:building><oos:office>166</oos:office></oos:kladr><oos:zip>644013</oos:zip><oos:place></oos:place><oos:email></oos:email></oos:place></oos:unfairSupplier><oos:purchase><oos:purchaseNumber>0851200000615002235</oos:purchaseNumber><oos:purchaseObjectInfo>Поставка картриджей для принтеров и многофункциональных устройств</oos:purchaseObjectInfo><oos:placingWayName>Электронный аукцион</oos:placingWayName><oos:protocolDate>2015-06-01</oos:protocolDate><oos:lotNumber>1</oos:lotNumber><oos:document><oos:date>2015-06-01</oos:date></oos:document></oos:purchase><oos:contract><oos:productInfo>Картридж для принтераКартридж для МФУ</oos:productInfo><oos:currency><oos:code>RUB</oos:code><oos:name>Российский рубль</oos:name></oos:currency><oos:price>264250</oos:price></oos:contract></unfairSupplier></export>