<?xml version="1.0" encoding="UTF-8"?><export xmlns:xsi="http://www.w3.org/2001/XMLSchema-instance" xmlns="http://zakupki.gov.ru/oos/export/1" xmlns:oos="http://zakupki.gov.ru/oos/types/1"><unfairSupplier schemeVersion="5.2"><oos:registryNum>РНП.54582-15</oos:registryNum><oos:publishDate>2015-09-10T00:00:00Z</oos:publishDate><oos:approveDate>2015-09-10T00:00:00Z</oos:approveDate><oos:state>PUBLISHED</oos:state><oos:publishOrg><oos:regNum>01731000090</oos:regNum><oos:fullName>УПРАВЛЕНИЕ ФЕДЕРАЛЬНОЙ АНТИМОНОПОЛЬНОЙ СЛУЖБЫ ПО Г. МОСКВЕ</oos:fullName></oos:publishOrg><oos:createReason>CANCEL_CONTRACT</oos:createReason><oos:approveReason>Решение</oos:approveReason><oos:customer><oos:regNum>01732000014</oos:regNum><oos:fullName>Департамент города Москвы по конкурентной политике</oos:fullName><oos:factAddress>Российская Федерация, 105062, Москва, Макаренко, 4/1</oos:factAddress><oos:INN>7704515009</oos:INN><oos:KPP>770101001</oos:KPP></oos:customer><oos:unfairSupplier><oos:fullName>ООО «АЛЕФ ГРУПП»</oos:fullName><oos:type>U</oos:type><oos:inn>5053036056</oos:inn><oos:place><oos:kladr><oos:kladrCode>500000210000090</oos:kladrCode><oos:fullName>Спортивная ул</oos:fullName><oos:subjectRF>Московская обл</oos:subjectRF><oos:area>Электросталь г</oos:area><oos:street>Спортивная</oos:street><oos:building>24</oos:building></oos:kladr><oos:zip>144011</oos:zip><oos:place></oos:place><oos:email></oos:email></oos:place><oos:founders><oos:names>Цибулевский Максим Анатольевич</oos:names><oos:inn>505306140223</oos:inn></oos:founders></oos:unfairSupplier><oos:purchase><oos:purchaseNumber>0173200001415000118</oos:purchaseNumber><oos:purchaseObjectInfo>Оказание услуг по публикации в печатном издании информационных сообщений о проведении земельно-имущественных торгов</oos:purchaseObjectInfo><oos:placingWayName>Электронный аукцион</oos:placingWayName><oos:protocolDate>2015-04-01</oos:protocolDate><oos:lotNumber>1</oos:lotNumber><oos:document><oos:date>2015-04-01</oos:date></oos:document></oos:purchase><oos:contract><oos:productInfo>оказание услуг по публикации в печатном издании информационных сообщений о проведении земельно-имущественных торгов</oos:productInfo><oos:currency><oos:code>RUB</oos:code><oos:name>Российский рубль</oos:name></oos:currency><oos:price>100000</oos:price><oos:cancel><oos:signDate>2015-05-14</oos:signDate><oos:performanceDate>2015-09-01</oos:performanceDate><oos:base><oos:name>исполнителем неоднократно оказывались принятые на себя обязательства ненадлежащим образом</oos:name></oos:base><oos:cancelDate>2015-07-06</oos:cancelDate></oos:cancel></oos:contract></unfairSupplier></export>