<?xml version="1.0" encoding="UTF-8"?><export xmlns:xsi="http://www.w3.org/2001/XMLSchema-instance" xmlns="http://zakupki.gov.ru/oos/export/1" xmlns:oos="http://zakupki.gov.ru/oos/types/1"><unfairSupplier schemeVersion="5.2"><oos:approveDate>2015-09-10T00:00:00Z</oos:approveDate><oos:state>REVIEW_CANCELED</oos:state><oos:publishOrg><oos:regNum>01371000020</oos:regNum><oos:fullName>УПРАВЛЕНИЕ ФЕДЕРАЛЬНОЙ АНТИМОНОПОЛЬНОЙ СЛУЖБЫ ПО КАЛУЖСКОЙ ОБЛАСТИ</oos:fullName></oos:publishOrg><oos:createReason>CANCEL_CONTRACT</oos:createReason><oos:customer><oos:regNum>01371000007</oos:regNum><oos:fullName>УПРАВЛЕНИЕ ФЕДЕРАЛЬНОЙ СЛУЖБЫ ГОСУДАРСТВЕННОЙ РЕГИСТРАЦИИ, КАДАСТРА И КАРТОГРАФИИ ПО КАЛУЖСКОЙ ОБЛАСТИ</oos:fullName><oos:factAddress>Российская Федерация, 248000, Калужская обл, Калуга г, ВИЛОНОВА, 5</oos:factAddress><oos:INN>4027066800</oos:INN><oos:KPP>402701001</oos:KPP></oos:customer><oos:unfairSupplier><oos:fullName>ОБЩЕСТВО С ОГРАНИЧЕННОЙ ОТВЕТСТВЕННОСТЬЮ &quot;ПРОМСБЫТСЕРВИС&quot;</oos:fullName><oos:type>U</oos:type><oos:inn>6730080539</oos:inn><oos:kpp>673001001</oos:kpp><oos:place><oos:kladr><oos:kladrCode>670000030000016</oos:kladrCode><oos:fullName>Багратиона ул</oos:fullName><oos:subjectRF>Смоленская обл</oos:subjectRF><oos:area>Смоленск г</oos:area><oos:street>Багратиона</oos:street><oos:building>63</oos:building></oos:kladr><oos:zip>214025</oos:zip><oos:place></oos:place><oos:email></oos:email></oos:place></oos:unfairSupplier><oos:purchase><oos:purchaseNumber>0137100000715000022</oos:purchaseNumber><oos:purchaseObjectInfo>Оказание услуг по комплексной уборке помещений Управления Федеральной службы государственной регистрации, кадастра и картографии по Калужской области, проводится для субъектов малого предпринимательства, социально ориентируемых некоммерческих организаций </oos:purchaseObjectInfo><oos:placingWayName>Электронный аукцион</oos:placingWayName><oos:protocolDate>2015-04-20</oos:protocolDate><oos:lotNumber>1</oos:lotNumber><oos:document><oos:date>2015-04-20</oos:date></oos:document></oos:purchase><oos:contract><oos:productInfo>Оказание услуг по комплексной уборке помещений Управления Федеральной службы государственной регистрации, кадастра и картографии по Калужской области, проводится для субъектов малого предпринимательства, социально ориентируемых некоммерческих организаций </oos:productInfo><oos:currency><oos:code>RUB</oos:code><oos:name>Российский рубль</oos:name></oos:currency><oos:price>1204536.35</oos:price><oos:cancel><oos:signDate>2015-05-05</oos:signDate><oos:performanceDate>2015-12-31</oos:performanceDate><oos:base><oos:name>Односторонний отказ от исполнения контракта</oos:name></oos:base><oos:cancelDate>2015-08-13</oos:cancelDate></oos:cancel></oos:contract></unfairSupplier></export>