<?xml version="1.0" encoding="UTF-8"?><export xmlns:xsi="http://www.w3.org/2001/XMLSchema-instance" xmlns="http://zakupki.gov.ru/oos/export/1" xmlns:oos="http://zakupki.gov.ru/oos/types/1"><unfairSupplier schemeVersion="5.2"><oos:registryNum>РНП.54537-15</oos:registryNum><oos:publishDate>2015-09-10T00:00:00Z</oos:publishDate><oos:approveDate>2015-09-08T00:00:00Z</oos:approveDate><oos:state>PUBLISHED</oos:state><oos:publishOrg><oos:regNum>01511000186</oos:regNum><oos:fullName>УПРАВЛЕНИЕ ФЕДЕРАЛЬНОЙ АНТИМОНОПОЛЬНОЙ СЛУЖБЫ ПО НОВОСИБИРСКОЙ ОБЛАСТИ</oos:fullName></oos:publishOrg><oos:createReason>CANCEL_CONTRACT</oos:createReason><oos:approveReason>Решение №РНП-54-215</oos:approveReason><oos:customer><oos:regNum>01512000011</oos:regNum><oos:fullName>МИНИСТЕРСТВО ЗДРАВООХРАНЕНИЯ НОВОСИБИРСКОЙ ОБЛАСТИ</oos:fullName><oos:factAddress>Российская Федерация, 630011, Новосибирская обл, Новосибирск г, КРАСНЫЙ, 18</oos:factAddress><oos:INN>5406635579</oos:INN><oos:KPP>540601001</oos:KPP></oos:customer><oos:unfairSupplier><oos:fullName>ООО «РМТ»  </oos:fullName><oos:type>U</oos:type><oos:inn>7715439286</oos:inn><oos:place><oos:kladr><oos:kladrCode>770000000002475</oos:kladrCode><oos:fullName>Римского-Корсакова ул</oos:fullName><oos:subjectRF>Москва</oos:subjectRF><oos:street>Римского-Корсакова</oos:street><oos:building>16</oos:building></oos:kladr><oos:zip>127566</oos:zip><oos:place></oos:place><oos:email></oos:email></oos:place></oos:unfairSupplier><oos:purchase><oos:purchaseNumber>0151200001114000169</oos:purchaseNumber><oos:purchaseObjectInfo>закупка оборудования и расходных материалов для неонатального и аудиологического скрининга</oos:purchaseObjectInfo><oos:placingWayName>Электронный аукцион</oos:placingWayName><oos:protocolDate>2014-12-19</oos:protocolDate><oos:lotNumber>1</oos:lotNumber><oos:document><oos:date>2014-12-19</oos:date></oos:document></oos:purchase><oos:contract><oos:regNum>0151200001114000459</oos:regNum><oos:productInfo>Отоакустическая эмиссия скрининговая</oos:productInfo><oos:OKPD><oos:code>33.10.12.126</oos:code><oos:name>Установки измерительные, комплексы, сигнализаторы, регистраторы, индикаторы</oos:name></oos:OKPD><oos:currency><oos:code>RUB</oos:code><oos:name>Российский рубль</oos:name></oos:currency><oos:price>465000</oos:price><oos:cancel><oos:signDate>2014-12-30</oos:signDate><oos:performanceDate>2014-12-31</oos:performanceDate><oos:base><oos:name>Односторонний отказ заказчика от исполнения контракта в соответствии с гражданским законодательством</oos:name></oos:base><oos:cancelDate>2015-07-16</oos:cancelDate></oos:cancel></oos:contract></unfairSupplier></export>