<?xml version="1.0" encoding="UTF-8"?><export xmlns:xsi="http://www.w3.org/2001/XMLSchema-instance" xmlns="http://zakupki.gov.ru/oos/export/1" xmlns:oos="http://zakupki.gov.ru/oos/types/1"><unfairSupplier schemeVersion="5.2"><oos:registryNum>РНП.54526-15</oos:registryNum><oos:publishDate>2015-09-10T00:00:00Z</oos:publishDate><oos:approveDate>2015-09-08T00:00:00Z</oos:approveDate><oos:state>PUBLISHED</oos:state><oos:publishOrg><oos:regNum>01021000042</oos:regNum><oos:fullName>УПРАВЛЕНИЕ ФЕДЕРАЛЬНОЙ АНТИМОНОПОЛЬНОЙ СЛУЖБЫ ПО РЕСПУБЛИКЕ БУРЯТИЯ</oos:fullName></oos:publishOrg><oos:createReason>CANCEL_CONTRACT</oos:createReason><oos:approveReason>Решение № РНП-03-57 от 03.09.2015</oos:approveReason><oos:customer><oos:regNum>03022000128</oos:regNum><oos:fullName>ГОСУДАРСТВЕННОЕ КАЗЕННОЕ УЧРЕЖДЕНИЕ &quot;УПРАВЛЕНИЕ РЕГИОНАЛЬНЫХ АВТОМОБИЛЬНЫХ ДОРОГ РЕСПУБЛИКИ БУРЯТИЯ&quot;</oos:fullName><oos:factAddress>Российская Федерация, 670024, Бурятия Респ, Улан-Удэ г, РЕВОЛЮЦИИ 1905 ГОДА, 11-А</oos:factAddress><oos:INN>0326473725</oos:INN><oos:KPP>032601001</oos:KPP></oos:customer><oos:unfairSupplier><oos:fullName>ОБЩЕСТВО С ОГРАНИЧЕННОЙ ОТВЕТСТВЕННОСТЬЮ &quot;БАЙКАЛ-ГРАНТ&quot;</oos:fullName><oos:type>U</oos:type><oos:inn>0323388550</oos:inn><oos:kpp>032301001</oos:kpp><oos:place><oos:kladr><oos:kladrCode>030000010000388</oos:kladrCode><oos:fullName>Солнечная ул</oos:fullName><oos:subjectRF>Бурятия Респ</oos:subjectRF><oos:area>Улан-Удэ г</oos:area><oos:street>Солнечная</oos:street><oos:building>7А</oos:building><oos:office>209Б</oos:office></oos:kladr><oos:zip>670031</oos:zip><oos:place></oos:place><oos:email>start.85@bk.ru</oos:email></oos:place><oos:founders><oos:names>Матушкеев Владимир Валерьевич</oos:names><oos:inn>031890793993</oos:inn></oos:founders><oos:founders><oos:names>Цыбиков Валерий Николаевич</oos:names><oos:inn>030101650396</oos:inn></oos:founders></oos:unfairSupplier><oos:purchase><oos:purchaseNumber>0102200001615002482</oos:purchaseNumber><oos:purchaseObjectInfo>Выполнение работ по ремонту автомобильной дороги  &quot;Подъезд от федеральной автомобильной дороги &quot;Байкал&quot; к  с. Кабанск, км 7 в Кабанском районе&quot; (устройство инженерно-технических систем обеспечения безопасности дорожного движения)</oos:purchaseObjectInfo><oos:placingWayName>Электронный аукцион</oos:placingWayName><oos:protocolDate>2015-06-23</oos:protocolDate><oos:lotNumber>1</oos:lotNumber><oos:document><oos:date>2015-06-23</oos:date></oos:document></oos:purchase><oos:contract><oos:regNum>2032647372515000025</oos:regNum><oos:productInfo>выполнение работ по ремонту автомобильной дороги &quot;Подъезд от федеральной автомобильной дороги &quot;Байкал&quot; к с. Кабанск, км 7 в Кабанском районе&quot; (устройство инженерно-технических систем обеспечения безопасности дорожного движения)</oos:productInfo><oos:OKPD><oos:code>45.23.12.151</oos:code><oos:name>Работы общестроительные по ремонту дорожных покрытий транспортных и пешеходных улиц и дорог (тротуаров, проездов) к частным домовладениям и сооружениям, выполняемые по индивидуальным заказам</oos:name></oos:OKPD><oos:currency><oos:code>RUB</oos:code><oos:name>Российский рубль</oos:name></oos:currency><oos:price>1359382.98</oos:price><oos:cancel><oos:signDate>2015-07-08</oos:signDate><oos:performanceDate>2015-07-31</oos:performanceDate><oos:base><oos:name>Односторонний отказ заказчика от исполнения контракта в соответствии с гражданским законодательством</oos:name></oos:base><oos:cancelDate>2015-08-03</oos:cancelDate></oos:cancel></oos:contract></unfairSupplier></export>