<?xml version="1.0" encoding="UTF-8"?><export xmlns:xsi="http://www.w3.org/2001/XMLSchema-instance" xmlns="http://zakupki.gov.ru/oos/export/1" xmlns:oos="http://zakupki.gov.ru/oos/types/1"><unfairSupplier schemeVersion="5.2"><oos:approveDate>2015-09-08T00:00:00Z</oos:approveDate><oos:state>REVIEW_CANCELED</oos:state><oos:publishOrg><oos:regNum>01731000090</oos:regNum><oos:fullName>УПРАВЛЕНИЕ ФЕДЕРАЛЬНОЙ АНТИМОНОПОЛЬНОЙ СЛУЖБЫ ПО Г. МОСКВЕ</oos:fullName></oos:publishOrg><oos:createReason>WINNER_DEVIATION</oos:createReason><oos:customer><oos:regNum>03732001739</oos:regNum><oos:fullName>ГОСУДАРСТВЕННОЕ КАЗЕННОЕ УЧРЕЖДЕНИЕ ГОРОДА МОСКВЫ ДИРЕКЦИЯ ПО ЭКСПЛУАТАЦИИ, ДВИЖЕНИЮ И УЧЕТУ ОСНОВНЫХ ФОНДОВ ДЕПАРТАМЕНТА ОБРАЗОВАНИЯ ГОРОДА МОСКВЫ</oos:fullName><oos:factAddress>Российская Федерация, 119017, Москва, ОРДЫНКА М., 13-13А/6-7-8</oos:factAddress><oos:INN>7705051039</oos:INN><oos:KPP>770501001</oos:KPP></oos:customer><oos:unfairSupplier><oos:fullName>ООО «РУТА ТС»</oos:fullName><oos:type>U</oos:type><oos:inn>3327318904</oos:inn><oos:place><oos:kladr><oos:kladrCode>330000010000214</oos:kladrCode><oos:fullName>Мира ул</oos:fullName><oos:subjectRF>Владимирская обл</oos:subjectRF><oos:area>Владимир г</oos:area><oos:street>Мира</oos:street><oos:building>17</oos:building><oos:office>98</oos:office></oos:kladr><oos:zip>600017</oos:zip><oos:place></oos:place><oos:email></oos:email></oos:place></oos:unfairSupplier><oos:purchase><oos:purchaseNumber>0373200173915000192</oos:purchaseNumber><oos:purchaseObjectInfo>Аукцион в электронной форме на право заключения контракта на техническое обслуживание системы видеонаблюдения.</oos:purchaseObjectInfo><oos:placingWayName>Электронный аукцион</oos:placingWayName><oos:protocolDate>2015-07-01</oos:protocolDate><oos:lotNumber>1</oos:lotNumber><oos:document><oos:date>2015-07-01</oos:date></oos:document></oos:purchase><oos:contract><oos:productInfo>Серверы прочие</oos:productInfo><oos:OKPD><oos:code>30.02.15.119</oos:code><oos:name>Серверы прочие</oos:name></oos:OKPD><oos:currency><oos:code>RUB</oos:code><oos:name>Российский рубль</oos:name></oos:currency><oos:price>631500</oos:price></oos:contract></unfairSupplier></export>