<?xml version="1.0" encoding="UTF-8"?><export xmlns:xsi="http://www.w3.org/2001/XMLSchema-instance" xmlns="http://zakupki.gov.ru/oos/export/1" xmlns:oos="http://zakupki.gov.ru/oos/types/1"><unfairSupplier schemeVersion="5.2"><oos:registryNum>РНП.54555-15</oos:registryNum><oos:publishDate>2015-09-10T00:00:00Z</oos:publishDate><oos:approveDate>2015-09-09T00:00:00Z</oos:approveDate><oos:state>PUBLISHED</oos:state><oos:publishOrg><oos:regNum>01731000090</oos:regNum><oos:fullName>УПРАВЛЕНИЕ ФЕДЕРАЛЬНОЙ АНТИМОНОПОЛЬНОЙ СЛУЖБЫ ПО Г. МОСКВЕ</oos:fullName></oos:publishOrg><oos:createReason>WINNER_DEVIATION</oos:createReason><oos:approveReason>Решение</oos:approveReason><oos:customer><oos:regNum>03732000660</oos:regNum><oos:fullName>Государственное казенное учреждение города Москвы &quot;Инженерная служба района Орехово-Борисово Северное&quot;</oos:fullName><oos:factAddress>Российская Федерация, 115563, Москва, БЕЛОВА ГЕНЕРАЛА, 21/2, -</oos:factAddress><oos:INN>7724628755</oos:INN><oos:KPP>772401001</oos:KPP></oos:customer><oos:unfairSupplier><oos:fullName>ООО «ПКК»</oos:fullName><oos:type>U</oos:type><oos:inn>7805305086</oos:inn><oos:place><oos:kladr><oos:kladrCode>780000000001347</oos:kladrCode><oos:fullName>Стачек пл</oos:fullName><oos:subjectRF>Санкт-Петербург</oos:subjectRF><oos:street>Стачек</oos:street></oos:kladr><oos:zip>198095</oos:zip><oos:place></oos:place><oos:email></oos:email></oos:place><oos:founders><oos:names>Погодин Дмитрий Николаевич</oos:names><oos:inn>510205289880</oos:inn></oos:founders><oos:founders><oos:names>Ташкин Олег Иванович</oos:names><oos:inn>615018574600</oos:inn></oos:founders></oos:unfairSupplier><oos:purchase><oos:purchaseNumber>0373200066015000015</oos:purchaseNumber><oos:purchaseObjectInfo>Оказание услуг по уборке служебных помещений ГКУ &quot;ИС района Орехово-Борисово Северное&quot; во втором полугодии 2015 г.</oos:purchaseObjectInfo><oos:placingWayName>Запрос котировок</oos:placingWayName><oos:protocolDate>2015-06-15</oos:protocolDate><oos:lotNumber>1</oos:lotNumber><oos:document><oos:date>2015-06-15</oos:date></oos:document></oos:purchase><oos:contract><oos:productInfo>Услуги по чистке и уборке общего назначения прочие</oos:productInfo><oos:OKPD><oos:code>74.70.13.990</oos:code><oos:name>Услуги по чистке и уборке общего назначения прочие</oos:name></oos:OKPD><oos:currency><oos:code>RUB</oos:code><oos:name>Российский рубль</oos:name></oos:currency><oos:price>199872.3</oos:price></oos:contract></unfairSupplier></export>