<?xml version="1.0" encoding="UTF-8"?><export xmlns:xsi="http://www.w3.org/2001/XMLSchema-instance" xmlns="http://zakupki.gov.ru/oos/export/1" xmlns:oos="http://zakupki.gov.ru/oos/types/1"><unfairSupplier schemeVersion="5.2"><oos:state>REVIEW_CANCELED</oos:state><oos:createReason>CANCEL_CONTRACT</oos:createReason><oos:customer><oos:regNum>03493000588</oos:regNum><oos:fullName>МУНИЦИПАЛЬНОЕ БЮДЖЕТНОЕ ДОШКОЛЬНОЕ ОБРАЗОВАТЕЛЬНОЕ УЧРЕЖДЕНИЕ &quot;ДЕТСКИЙ САД № 53 КОМБИНИРОВАННОГО ВИДА&quot; Г. КАНДАЛАКША</oos:fullName><oos:factAddress>Российская Федерация, 184041, Мурманская обл, Кандалакша г, КИРОВСКАЯ, 30А</oos:factAddress><oos:INN>5102007212</oos:INN><oos:KPP>510201001</oos:KPP></oos:customer><oos:unfairSupplier><oos:fullName>ОБЩЕСТВО С ОГРАНИЧЕННОЙ ОТВЕТСТВЕННОСТЬЮ &quot;СК АЛЬТЕРНАТИВА&quot;</oos:fullName><oos:type>U</oos:type><oos:inn>7802715060</oos:inn><oos:kpp>780201001</oos:kpp><oos:place><oos:kladr><oos:kladrCode>780000000000271</oos:kladrCode><oos:fullName>Выборгское ш</oos:fullName><oos:subjectRF>Санкт-Петербург</oos:subjectRF><oos:street>Выборгское</oos:street><oos:building>36</oos:building><oos:office>324</oos:office></oos:kladr><oos:zip>194356</oos:zip><oos:place></oos:place><oos:email></oos:email></oos:place><oos:founders><oos:names>Ефименков Дмитрий Сергеевич</oos:names><oos:inn>753701059577</oos:inn></oos:founders><oos:founders><oos:names>Романков Петр Леонидович</oos:names><oos:inn>780220062203</oos:inn></oos:founders><oos:founders><oos:names>Рыжов Анатолий Юрьевич</oos:names><oos:inn>780157120313</oos:inn></oos:founders></oos:unfairSupplier><oos:purchase><oos:purchaseNumber>0149300003514000312</oos:purchaseNumber><oos:purchaseObjectInfo>Выполнение работ по замене оконных блоков на окна из ПВХ-профиля здания муниципального  бюджетного дошкольного образовательного учреждения «Детский сад № 53 комбинированного вида» г. Кандалакша</oos:purchaseObjectInfo><oos:placingWayName>Электронный аукцион</oos:placingWayName><oos:protocolDate>2014-10-06</oos:protocolDate><oos:lotNumber>1</oos:lotNumber><oos:document><oos:date>2014-10-06</oos:date></oos:document></oos:purchase><oos:contract><oos:regNum>3510200721215000003</oos:regNum><oos:productInfo>выполнение работ по разработке проектно-сметной документации по реконструкции здания детского сада по ул.Спекова, д.26 для нужд Управления образования администрации муниципального образования Кандалакшский район</oos:productInfo><oos:OKPD><oos:code>74.20.22.000</oos:code><oos:name>Услуги на стадии архитектурного проектирования</oos:name></oos:OKPD><oos:currency><oos:code>RUB</oos:code><oos:name>Российский рубль</oos:name></oos:currency><oos:price>1950000</oos:price><oos:cancel><oos:signDate>2014-10-23</oos:signDate><oos:performanceDate>2015-12-31</oos:performanceDate><oos:base><oos:name>Односторонний отказ заказчика от исполнения контракта в соответствии с гражданским законодательством</oos:name><oos:number>28</oos:number><oos:date>2015-05-12</oos:date></oos:base><oos:cancelDate>2015-05-29</oos:cancelDate></oos:cancel></oos:contract></unfairSupplier></export>