<?xml version="1.0" encoding="UTF-8"?><export xmlns:xsi="http://www.w3.org/2001/XMLSchema-instance" xmlns="http://zakupki.gov.ru/oos/export/1" xmlns:oos="http://zakupki.gov.ru/oos/types/1"><unfairSupplier schemeVersion="5.2"><oos:registryNum>РНП.54539-15</oos:registryNum><oos:publishDate>2015-09-10T00:00:00Z</oos:publishDate><oos:approveDate>2015-09-08T00:00:00Z</oos:approveDate><oos:state>PUBLISHED</oos:state><oos:publishOrg><oos:regNum>01271000094</oos:regNum><oos:fullName>Управление Федеральной антимонопольной службы по Брянской области</oos:fullName></oos:publishOrg><oos:createReason>CANCEL_CONTRACT</oos:createReason><oos:approveReason>Решение по делу № РНП-32-218 от 08.09.2015 года</oos:approveReason><oos:customer><oos:regNum>01271000001</oos:regNum><oos:fullName>УПРАВЛЕНИЕ ФЕДЕРАЛЬНОГО КАЗНАЧЕЙСТВА ПО БРЯНСКОЙ ОБЛАСТИ</oos:fullName><oos:factAddress>Российская Федерация, 241050, Брянская обл, Брянск г, Крахмалева, 61</oos:factAddress><oos:INN>3234013018</oos:INN><oos:KPP>325701001</oos:KPP></oos:customer><oos:unfairSupplier><oos:fullName>ОБЩЕСТВО С ОГРАНИЧЕННОЙ ОТВЕТСТВЕННОСТЬЮ &quot;РУПРЕСС&quot;</oos:fullName><oos:type>U</oos:type><oos:firmName>ООО &quot;РУПРЕСС&quot;</oos:firmName><oos:inn>5528030764</oos:inn><oos:kpp>552801001</oos:kpp><oos:place><oos:kladr><oos:kladrCode>550210000770015</oos:kladrCode><oos:fullName>Парковая ул</oos:fullName><oos:subjectRF>Омская обл</oos:subjectRF><oos:area>Омский р-н</oos:area><oos:city>Розовка с</oos:city><oos:street>Парковая</oos:street><oos:building>52</oos:building><oos:office>2</oos:office></oos:kladr><oos:zip>644508</oos:zip><oos:place></oos:place><oos:email></oos:email></oos:place><oos:founders><oos:names>Матвийчак Денис Евгеньевич</oos:names><oos:inn>550316142663</oos:inn></oos:founders></oos:unfairSupplier><oos:purchase><oos:purchaseNumber>0127100000115000082</oos:purchaseNumber><oos:purchaseObjectInfo>Оказание услуг по подписке и доставке периодических печатных изданий для нужд Управления Федерального казначейства по Брянской области</oos:purchaseObjectInfo><oos:placingWayName>Электронный аукцион</oos:placingWayName><oos:protocolDate>2015-05-29</oos:protocolDate><oos:lotNumber>1</oos:lotNumber><oos:document><oos:name>Протокол подведения итогов электронного аукциона 0127100000115000082</oos:name><oos:date>2015-05-29</oos:date></oos:document></oos:purchase><oos:contract><oos:regNum>1323401301815000090</oos:regNum><oos:productInfo>Оказание услуг по подписке и доставке периодических печатных изданий для нужд Управления Федерального казначейства по Брянской области</oos:productInfo><oos:OKPD><oos:code>64.11.11.141</oos:code><oos:name>Услуги по подписке на отечественные газеты, журналы и другие периодические издания</oos:name></oos:OKPD><oos:currency><oos:code>RUB</oos:code><oos:name>Российский рубль</oos:name></oos:currency><oos:price>109517.04</oos:price><oos:cancel><oos:signDate>2015-06-11</oos:signDate><oos:performanceDate>2015-12-31</oos:performanceDate><oos:base><oos:name>Односторонний отказ заказчика от исполнения контракта в соответствии с гражданским законодательством</oos:name></oos:base><oos:cancelDate>2015-08-26</oos:cancelDate></oos:cancel></oos:contract></unfairSupplier></export>