<?xml version="1.0" encoding="UTF-8"?><export xmlns:xsi="http://www.w3.org/2001/XMLSchema-instance" xmlns="http://zakupki.gov.ru/oos/export/1" xmlns:oos="http://zakupki.gov.ru/oos/types/1"><unfairSupplier schemeVersion="5.2"><oos:approveDate>2015-09-08T00:00:00Z</oos:approveDate><oos:state>REVIEW_CANCELED</oos:state><oos:publishOrg><oos:regNum>01071000027</oos:regNum><oos:fullName>УПРАВЛЕНИЕ ФЕДЕРАЛЬНОЙ АНТИМОНОПОЛЬНОЙ СЛУЖБЫ ПО РЕСПУБЛИКЕ КОМИ</oos:fullName></oos:publishOrg><oos:createReason>ONE_WINNER_DEVIATION</oos:createReason><oos:customer><oos:regNum>03071000103</oos:regNum><oos:fullName>Сыктывкарский лесной институт (филиал) федерального государственного бюджетного образовательного учреждения высшего профессионального образования &quot;Санкт-Петербургский государственный лесотехнический университет имени С. М. Кирова&quot;</oos:fullName><oos:factAddress>Российская Федерация, 167982, Коми Респ, Сыктывкар г, ул. Ленина, 39, -</oos:factAddress><oos:INN>7802071697</oos:INN><oos:KPP>110143001</oos:KPP></oos:customer><oos:unfairSupplier><oos:fullName>ОБЩЕСТВО С ОГРАНИЧЕННОЙ ОТВЕТСТВЕННОСТЬЮ &quot;ПОЛИУР ПЛЮС&quot;</oos:fullName><oos:type>U</oos:type><oos:inn>1109009814</oos:inn><oos:kpp>110901001</oos:kpp><oos:place><oos:kladr><oos:kladrCode>110120000010036</oos:kladrCode><oos:fullName>Кольцевая ул</oos:fullName><oos:subjectRF>Коми Респ</oos:subjectRF><oos:area>Сыктывдинский р-н</oos:area><oos:city>Выльгорт с</oos:city><oos:street>Кольцевая</oos:street><oos:building>56</oos:building></oos:kladr><oos:zip>168220</oos:zip><oos:place></oos:place><oos:email></oos:email></oos:place></oos:unfairSupplier><oos:purchase><oos:purchaseNumber>0307100010315000005</oos:purchaseNumber><oos:purchaseObjectInfo>Проведение работ по установке ограждения на кровле общежития Сыктывкарского лесного института </oos:purchaseObjectInfo><oos:placingWayName>Электронный аукцион</oos:placingWayName><oos:protocolDate>2015-08-04</oos:protocolDate><oos:lotNumber>1</oos:lotNumber><oos:document><oos:date>2015-08-04</oos:date></oos:document></oos:purchase><oos:contract><oos:productInfo>Выбор подрядчика на проведение работ по установке ограждения на кровле общежития Сыктывкарского лесного института 
по адресу: г. Сыктывкар, ул. Старовского, 26
 </oos:productInfo><oos:OKPD><oos:code>45.34.10.110</oos:code><oos:name>Работы по установке оград, защитных ограждений, выполняемые по индивидуальным заказам</oos:name></oos:OKPD><oos:currency><oos:code>RUB</oos:code><oos:name>Российский рубль</oos:name></oos:currency><oos:price>275079.35</oos:price></oos:contract></unfairSupplier></export>