<?xml version="1.0" encoding="UTF-8"?><export xmlns:xsi="http://www.w3.org/2001/XMLSchema-instance" xmlns="http://zakupki.gov.ru/oos/export/1" xmlns:oos="http://zakupki.gov.ru/oos/types/1"><unfairSupplier schemeVersion="5.2"><oos:state>REVIEW_CANCELED</oos:state><oos:createReason>WINNER_DEVIATION</oos:createReason><oos:customer><oos:regNum>03473000144</oos:regNum><oos:fullName>АДМИНИСТРАЦИЯ МУНИЦИПАЛЬНОГО ОБРАЗОВАНИЯ &quot;ПОСЕЛОК ОРОТУКАН&quot;</oos:fullName><oos:factAddress>Российская Федерация, 686210, Магаданская обл, Ягоднинский р-н, Оротукан п, ШКОЛЬНАЯ, 1/НЕТ, НЕТ</oos:factAddress><oos:INN>4908010138</oos:INN><oos:KPP>490801001</oos:KPP></oos:customer><oos:unfairSupplier><oos:fullName>ОБЩЕСТВО С ОГРАНИЧЕННОЙ ОТВЕТСТВЕННОСТЬЮ &quot;КРИСТАЛЛ&quot;</oos:fullName><oos:type>U</oos:type><oos:inn>4908014340</oos:inn><oos:kpp>490801001</oos:kpp><oos:place><oos:kladr><oos:kladrCode>490090000110009</oos:kladrCode><oos:fullName>Пионерская ул</oos:fullName><oos:subjectRF>Магаданская обл</oos:subjectRF><oos:area>Ягоднинский р-н</oos:area><oos:city>Оротукан п</oos:city><oos:street>Пионерская</oos:street><oos:building>11</oos:building></oos:kladr><oos:zip>686210</oos:zip><oos:place></oos:place><oos:email>cristall-kolyma@mail.ru</oos:email></oos:place></oos:unfairSupplier><oos:purchase><oos:purchaseNumber>0347300014415000018</oos:purchaseNumber><oos:purchaseObjectInfo>Выполнение работ по текущему ремонту: устройство односкатной кровли из металлочерепицы здания автовокзала в п. Оротукан</oos:purchaseObjectInfo><oos:placingWayName>Электронный аукцион</oos:placingWayName><oos:protocolDate>2015-07-20</oos:protocolDate><oos:lotNumber>1</oos:lotNumber><oos:document><oos:name>протокол подведения итогов</oos:name><oos:date>2015-07-20</oos:date></oos:document></oos:purchase><oos:contract><oos:productInfo>Выполнение работ по текущему ремонту: устройство односкатной кровли из металлочерепицы здания автовокзала в п. Оротукан </oos:productInfo><oos:OKPD><oos:code>45.21.15.160</oos:code><oos:name>Работы общестроительные по ремонту прочих зданий</oos:name></oos:OKPD><oos:currency><oos:code>RUB</oos:code><oos:name>Российский рубль</oos:name></oos:currency><oos:price>831387</oos:price></oos:contract></unfairSupplier></export>