<?xml version="1.0" encoding="UTF-8"?><export xmlns:xsi="http://www.w3.org/2001/XMLSchema-instance" xmlns="http://zakupki.gov.ru/oos/export/1" xmlns:oos="http://zakupki.gov.ru/oos/types/1"><unfairSupplier schemeVersion="5.2"><oos:registryNum>РНП.54541-15</oos:registryNum><oos:publishDate>2015-09-10T00:00:00Z</oos:publishDate><oos:approveDate>2015-09-08T00:00:00Z</oos:approveDate><oos:state>PUBLISHED</oos:state><oos:publishOrg><oos:regNum>03251000202</oos:regNum><oos:fullName>УПРАВЛЕНИЕ ФЕДЕРАЛЬНОЙ АНТИМОНОПОЛЬНОЙ СЛУЖБЫ ПО АСТРАХАНСКОЙ ОБЛАСТИ</oos:fullName></oos:publishOrg><oos:createReason>CANCEL_CONTRACT</oos:createReason><oos:approveReason>Решение №РНП-30-65-15 от 02.09.2015
Приказ от 02.09.2015 №441-п</oos:approveReason><oos:customer><oos:regNum>03252000067</oos:regNum><oos:fullName>ГОСУДАРСТВЕННОЕ КАЗЕННОЕ УЧРЕЖДЕНИЕ АСТРАХАНСКОЙ ОБЛАСТИ &quot;УПРАВЛЕНИЕ ПО КАПИТАЛЬНОМУ СТРОИТЕЛЬСТВУ АСТРАХАНСКОЙ ОБЛАСТИ&quot;</oos:fullName><oos:factAddress>Российская Федерация, 414040, Астраханская обл, Астрахань г, Раскольникова, 10 В</oos:factAddress><oos:INN>3015089342</oos:INN><oos:KPP>301501001</oos:KPP></oos:customer><oos:unfairSupplier><oos:fullName>ОБЩЕСТВО С ОГРАНИЧЕННОЙ ОТВЕТСТВЕННОСТЬЮ &quot;КАПИТАЛ ПЛЮС&quot;</oos:fullName><oos:type>U</oos:type><oos:firmName>ООО &quot;Капитал Плюс&quot;</oos:firmName><oos:inn>3015095723</oos:inn><oos:kpp>302501001</oos:kpp><oos:place><oos:kladr><oos:kladrCode>30000001000</oos:kladrCode><oos:fullName>Астрахань г</oos:fullName><oos:subjectRF>Астраханская обл</oos:subjectRF><oos:area>Астрахань г</oos:area><oos:building>1</oos:building></oos:kladr><oos:zip>414024</oos:zip><oos:place></oos:place><oos:email></oos:email></oos:place></oos:unfairSupplier><oos:purchase><oos:purchaseNumber>0325200006714000033</oos:purchaseNumber><oos:purchaseObjectInfo>Выполнение работ по строительству объекта: «Два трехэтажных жилых дома по ул. Пушкина в с. Енотаевка Енотаевского района Астраханской области».</oos:purchaseObjectInfo><oos:placingWayName>Электронный аукцион</oos:placingWayName><oos:protocolDate>2014-05-19</oos:protocolDate><oos:lotNumber>1</oos:lotNumber><oos:document><oos:date>2014-05-19</oos:date></oos:document></oos:purchase><oos:contract><oos:regNum>0325200006714000017</oos:regNum><oos:productInfo>Работы общестроительные по возведению новых многоквартирных жилых зданий</oos:productInfo><oos:OKPD><oos:code>45.21.12.110</oos:code><oos:name>Работы общестроительные по возведению новых многоквартирных жилых зданий</oos:name></oos:OKPD><oos:currency><oos:code>RUB</oos:code><oos:name>Российский рубль</oos:name></oos:currency><oos:price>68112973.75</oos:price><oos:cancel><oos:signDate>2014-05-30</oos:signDate><oos:performanceDate>2015-12-31</oos:performanceDate><oos:base><oos:name>Односторонний отказ заказчика от исполнения контракта в соответствии с гражданским законодательством</oos:name></oos:base><oos:cancelDate>2015-08-18</oos:cancelDate></oos:cancel></oos:contract></unfairSupplier></export>