<?xml version="1.0" encoding="UTF-8"?><export xmlns:xsi="http://www.w3.org/2001/XMLSchema-instance" xmlns="http://zakupki.gov.ru/oos/export/1" xmlns:oos="http://zakupki.gov.ru/oos/types/1"><unfairSupplier schemeVersion="5.2"><oos:registryNum>РНП.54551-15</oos:registryNum><oos:publishDate>2015-09-10T00:00:00Z</oos:publishDate><oos:approveDate>2015-09-09T00:00:00Z</oos:approveDate><oos:state>PUBLISHED</oos:state><oos:publishOrg><oos:regNum>01731000090</oos:regNum><oos:fullName>УПРАВЛЕНИЕ ФЕДЕРАЛЬНОЙ АНТИМОНОПОЛЬНОЙ СЛУЖБЫ ПО Г. МОСКВЕ</oos:fullName></oos:publishOrg><oos:createReason>CANCEL_CONTRACT</oos:createReason><oos:approveReason>Решение</oos:approveReason><oos:customer><oos:regNum>08731000041</oos:regNum><oos:fullName>ФЕДЕРАЛЬНОЕ КАЗЕННОЕ УЧРЕЖДЕНИЕ &quot;ГЛАВНЫЙ ЦЕНТР ОБЕСПЕЧЕНИЯ ДЕЯТЕЛЬНОСТИ ФМС РОССИИ&quot;</oos:fullName><oos:factAddress>Российская Федерация, 107078, Москва, БОЯРСКИЙ, 4/1</oos:factAddress><oos:INN>7701984348</oos:INN><oos:KPP>770101001</oos:KPP></oos:customer><oos:unfairSupplier><oos:fullName>ООО «Полиграфзащита»</oos:fullName><oos:type>U</oos:type><oos:inn>1835070056</oos:inn><oos:place><oos:kladr><oos:kladrCode>180000010000346</oos:kladrCode><oos:fullName>Пастухова ул</oos:fullName><oos:subjectRF>Удмуртская Респ</oos:subjectRF><oos:area>Ижевск г</oos:area><oos:street>Пастухова</oos:street><oos:building>13</oos:building></oos:kladr><oos:zip>426000</oos:zip><oos:place></oos:place><oos:email></oos:email></oos:place><oos:founders><oos:names>1. Гребин Алексей Андреевич</oos:names><oos:inn>1. 183500814487</oos:inn></oos:founders><oos:founders><oos:names>1. Рыдкин Георгий Викторович</oos:names><oos:inn>1. 183115301074</oos:inn></oos:founders><oos:founders><oos:names>1. Чернова Ольга Ивановна</oos:names><oos:inn>1. 183500814230</oos:inn></oos:founders></oos:unfairSupplier><oos:purchase><oos:purchaseNumber>0873100004114001309</oos:purchaseNumber><oos:purchaseObjectInfo>Право заключения с ФКУ «ГЦОД ФМС России» государственного контракта на выполнение работ по изготовлению, тиражированию и поставке бланков удостоверения вынужденного переселенца, для нужд ФМС России в 2015 году.</oos:purchaseObjectInfo><oos:placingWayName>Электронный аукцион</oos:placingWayName><oos:protocolDate>2015-01-26</oos:protocolDate><oos:lotNumber>1</oos:lotNumber><oos:document><oos:date>2015-01-26</oos:date></oos:document></oos:purchase><oos:contract><oos:productInfo>выполнение работ по изготовлению, тиражированию и поставке бланков удостоверения вынужденного переселенца</oos:productInfo><oos:currency><oos:code>RUB</oos:code><oos:name>Российский рубль</oos:name></oos:currency><oos:price>100000</oos:price><oos:cancel><oos:signDate>2015-02-26</oos:signDate><oos:performanceDate>2015-09-01</oos:performanceDate><oos:base><oos:name>неисполнения ООО «Полиграфзащита» условий Контракта</oos:name></oos:base><oos:cancelDate>2015-06-02</oos:cancelDate></oos:cancel></oos:contract></unfairSupplier></export>