<?xml version="1.0" encoding="UTF-8"?><export xmlns:xsi="http://www.w3.org/2001/XMLSchema-instance" xmlns="http://zakupki.gov.ru/oos/export/1" xmlns:oos="http://zakupki.gov.ru/oos/types/1"><unfairSupplier schemeVersion="5.2"><oos:registryNum>РНП.54528-15</oos:registryNum><oos:publishDate>2015-09-10T00:00:00Z</oos:publishDate><oos:approveDate>2015-09-08T00:00:00Z</oos:approveDate><oos:state>PUBLISHED</oos:state><oos:publishOrg><oos:regNum>01531000032</oos:regNum><oos:fullName>УПРАВЛЕНИЕ ФЕДЕРАЛЬНОЙ АНТИМОНОПОЛЬНОЙ СЛУЖБЫ ПО ОРЕНБУРГСКОЙ ОБЛАСТИ</oos:fullName></oos:publishOrg><oos:createReason>WINNER_DEVIATION</oos:createReason><oos:approveReason>решение № рнп-56-08-06-390/2015</oos:approveReason><oos:customer><oos:regNum>03533002570</oos:regNum><oos:fullName>МУНИЦИПАЛЬНОЕ БЮДЖЕТНОЕ УЧРЕЖДЕНИЕ &quot;ЦЕНТР ОРГАНИЗАЦИИ ДОРОЖНОГО ДВИЖЕНИЯ ГОРОДА ОРЕНБУРГА&quot;</oos:fullName><oos:factAddress>Российская Федерация, 460035, Оренбургская обл, Оренбург г, ПРОЛЕТАРСКАЯ, 216/2, 14</oos:factAddress><oos:INN>5611068210</oos:INN><oos:KPP>561201001</oos:KPP></oos:customer><oos:unfairSupplier><oos:fullName>ООО ТД&quot;ХИМПРОМ-М&quot;</oos:fullName><oos:type>U</oos:type><oos:inn>7604253134</oos:inn><oos:place><oos:kladr><oos:kladrCode>760000010000111</oos:kladrCode><oos:fullName>Вишняки ул</oos:fullName><oos:subjectRF>Ярославская обл</oos:subjectRF><oos:area>Ярославль г</oos:area><oos:street>Вишняки</oos:street><oos:building>36</oos:building><oos:office>1</oos:office></oos:kladr><oos:zip>150001</oos:zip><oos:place></oos:place><oos:email></oos:email></oos:place></oos:unfairSupplier><oos:purchase><oos:purchaseNumber>0153300066915000064</oos:purchaseNumber><oos:purchaseObjectInfo>поставка краски для дорожной разметки для нужд муниципального бюджетного учреждения Центр организации дорожного движения города Оренбурга</oos:purchaseObjectInfo><oos:placingWayName>Электронный аукцион</oos:placingWayName><oos:protocolDate>2015-03-06</oos:protocolDate><oos:lotNumber>1</oos:lotNumber><oos:document><oos:date>2015-03-06</oos:date></oos:document></oos:purchase><oos:contract><oos:productInfo>Краска для нанесения дорожной разметки белого цвета Растворитель для краски </oos:productInfo><oos:currency><oos:code>RUB</oos:code><oos:name>Российский рубль</oos:name></oos:currency><oos:price>1205000</oos:price></oos:contract></unfairSupplier></export>