<?xml version="1.0" encoding="UTF-8"?><export xmlns:xsi="http://www.w3.org/2001/XMLSchema-instance" xmlns="http://zakupki.gov.ru/oos/export/1" xmlns:oos="http://zakupki.gov.ru/oos/types/1"><unfairSupplier schemeVersion="5.2"><oos:state>REVIEW_CANCELED</oos:state><oos:createReason>WINNER_DEVIATION</oos:createReason><oos:customer><oos:regNum>03542000002</oos:regNum><oos:fullName>КАЗЕННОЕ УЧРЕЖДЕНИЕ ОРЛОВСКОЙ ОБЛАСТИ &quot;ОРЛОВСКИЙ ОБЛАСТНОЙ ГОСУДАРСТВЕННЫЙ ЗАКАЗЧИК&quot;</oos:fullName><oos:factAddress>Российская Федерация, 302026, Орловская обл, Орёл г, МОПРА, 42</oos:factAddress><oos:INN>5752030770</oos:INN><oos:KPP>575201001</oos:KPP></oos:customer><oos:unfairSupplier><oos:fullName>ОБЩЕСТВО С ОГРАНИЧЕННОЙ ОТВЕТСТВЕННОСТЬЮ &quot;АСТЕЛЬ ИНВЕСТ&quot;</oos:fullName><oos:type>U</oos:type><oos:firmName>ООО &quot;АСТЕЛЬ ИНВЕСТ&quot;</oos:firmName><oos:inn>7721793486</oos:inn><oos:kpp>772101001</oos:kpp><oos:place><oos:kladr><oos:kladrCode>77016000000</oos:kladrCode><oos:fullName>Рязановское п</oos:fullName><oos:subjectRF>Москва</oos:subjectRF><oos:area>Рязановское п</oos:area><oos:street>Рязанский проспект</oos:street><oos:building>дом 91, корпус 1</oos:building><oos:office>11</oos:office></oos:kladr><oos:zip>109542</oos:zip><oos:place></oos:place><oos:email></oos:email></oos:place></oos:unfairSupplier><oos:purchase><oos:purchaseNumber>0154200002715000769</oos:purchaseNumber><oos:purchaseObjectInfo>Оказание услуг по проведению оценки уязвимости объектов транспортной инфраструктуры в сфере дорожного хозяйства Орловской области</oos:purchaseObjectInfo><oos:placingWayName>Электронный аукцион</oos:placingWayName><oos:protocolDate>2015-07-07</oos:protocolDate><oos:lotNumber>1</oos:lotNumber><oos:document><oos:date>2015-07-07</oos:date></oos:document></oos:purchase><oos:contract><oos:productInfo>Оказание услуг по проведению оценки уязвимости объектов транспортной инфраструктуры в сфере дорожного хозяйства Орловской области</oos:productInfo><oos:OKPD><oos:code>74.60.16.000</oos:code><oos:name>Услуги в области обеспечения безопасности прочие</oos:name></oos:OKPD><oos:currency><oos:code>RUB</oos:code><oos:name>Российский рубль</oos:name></oos:currency><oos:price>3371108.07</oos:price></oos:contract></unfairSupplier></export>