<?xml version="1.0" encoding="UTF-8"?><export xmlns:xsi="http://www.w3.org/2001/XMLSchema-instance" xmlns="http://zakupki.gov.ru/oos/export/1" xmlns:oos="http://zakupki.gov.ru/oos/types/1"><unfairSupplier schemeVersion="5.2"><oos:state>REVIEW_CANCELED</oos:state><oos:createReason>CANCEL_CONTRACT</oos:createReason><oos:customer><oos:regNum>03493000408</oos:regNum><oos:fullName>Муниципальное бюджетное учреждение &quot;Управление муниципальной собственностью (служба заказчика)&quot; ЗАТО Видяево</oos:fullName><oos:factAddress>Российская Федерация, 184372, Мурманская обл, Видяево п, Заречная, 15</oos:factAddress><oos:INN>5105031453</oos:INN><oos:KPP>511001001</oos:KPP></oos:customer><oos:unfairSupplier><oos:fullName>ОБЩЕСТВО С ОГРАНИЧЕННОЙ ОТВЕТСТВЕННОСТЬЮ &quot;РУБИНА&quot;</oos:fullName><oos:type>U</oos:type><oos:inn>7604236330</oos:inn><oos:kpp>760401001</oos:kpp><oos:place><oos:kladr><oos:kladrCode>760000010000446</oos:kladrCode><oos:fullName>Маланова ул</oos:fullName><oos:subjectRF>Ярославская обл</oos:subjectRF><oos:area>Ярославль г</oos:area><oos:street>Маланова</oos:street><oos:building>2</oos:building><oos:office>1-9</oos:office></oos:kladr><oos:zip>150002</oos:zip><oos:place></oos:place><oos:email></oos:email></oos:place><oos:founders><oos:names>Аракелян Рубен Араикович</oos:names><oos:inn>760407664926</oos:inn></oos:founders></oos:unfairSupplier><oos:purchase><oos:purchaseNumber>0349300040815000015</oos:purchaseNumber><oos:purchaseObjectInfo>Выполнение работ по капитальному ремонту муниципального бюджетного общеобразовательного учреждения &quot;Средняя общеобразовательная школа ЗАТО Видяево&quot;</oos:purchaseObjectInfo><oos:placingWayName>Электронный аукцион</oos:placingWayName><oos:protocolDate>2015-06-11</oos:protocolDate><oos:lotNumber>1</oos:lotNumber><oos:document><oos:date>2015-06-11</oos:date></oos:document></oos:purchase><oos:contract><oos:regNum>3510503145315000027</oos:regNum><oos:productInfo> Работы по монтажу трубопроводных сетей, радиаторов и прочей трубопроводной арматуры систем центрального отопления, кроме работ, выполняемых по индивидуальным заказам</oos:productInfo><oos:currency><oos:code>RUB</oos:code><oos:name>Российский рубль</oos:name></oos:currency><oos:price>310000</oos:price><oos:cancel><oos:signDate>2015-06-26</oos:signDate><oos:performanceDate>2015-07-31</oos:performanceDate><oos:base><oos:name>Односторонний отказ заказчика от исполнения контракта в соответствии с гражданским законодательством</oos:name><oos:number>01-20/660</oos:number><oos:date>2015-07-15</oos:date></oos:base><oos:cancelDate>2015-08-24</oos:cancelDate></oos:cancel></oos:contract></unfairSupplier></export>