<?xml version="1.0" encoding="UTF-8"?><export xmlns:xsi="http://www.w3.org/2001/XMLSchema-instance" xmlns="http://zakupki.gov.ru/oos/export/1" xmlns:oos="http://zakupki.gov.ru/oos/types/1"><unfairSupplier schemeVersion="5.2"><oos:registryNum>РНП.54529-15</oos:registryNum><oos:publishDate>2015-09-10T00:00:00Z</oos:publishDate><oos:approveDate>2015-09-08T00:00:00Z</oos:approveDate><oos:state>PUBLISHED</oos:state><oos:publishOrg><oos:regNum>01671000031</oos:regNum><oos:fullName>УПРАВЛЕНИЕ ФЕДЕРАЛЬНОЙ АНТИМОНОПОЛЬНОЙ СЛУЖБЫ ПО ТЮМЕНСКОЙ ОБЛАСТИ</oos:fullName></oos:publishOrg><oos:createReason>WINNER_DEVIATION</oos:createReason><oos:approveReason>Решение № РНП-72-103/15</oos:approveReason><oos:customer><oos:regNum>03671000097</oos:regNum><oos:fullName>&quot;Тюменский кардиологический центр&quot; - филиал Федерального государственного бюджетного научного учреждения &quot;Научно-исследовательский институт кардиологии&quot;</oos:fullName><oos:factAddress>Российская Федерация, 625026, Тюменская обл, Тюмень г, Мельникайте, 111/-/-, -/-</oos:factAddress><oos:INN>7021000660</oos:INN><oos:KPP>720302001</oos:KPP></oos:customer><oos:unfairSupplier><oos:fullName>ОБЩЕСТВО С ОГРАНИЧЕННОЙ
ОТВЕТСТВЕННОСТЬЮ ТОРГОВЫЙ
ДОМ &quot;ЛИДЕР-ПРОДУКТ&quot;</oos:fullName><oos:type>U</oos:type><oos:inn>7204200096</oos:inn><oos:place><oos:kladr><oos:kladrCode>72000001000</oos:kladrCode><oos:fullName>Тюмень г</oos:fullName><oos:subjectRF>Тюменская обл</oos:subjectRF><oos:area>Тюмень г</oos:area><oos:building>252</oos:building><oos:office>11</oos:office></oos:kladr><oos:zip>625014</oos:zip><oos:place></oos:place><oos:email></oos:email></oos:place><oos:founders><oos:names>Учредитель: ДЖУМШУДОВ ЗАКИР АЙДЫН ОГЛЫ
</oos:names><oos:inn> ИНН 720415444887</oos:inn></oos:founders></oos:unfairSupplier><oos:purchase><oos:purchaseNumber>0367100009715000045</oos:purchaseNumber><oos:purchaseObjectInfo>



№35/44/Э 15 на право заключить договор поставки сладко-сливочного
масла</oos:purchaseObjectInfo><oos:placingWayName>Электронный аукцион</oos:placingWayName><oos:protocolDate>2015-08-03</oos:protocolDate><oos:lotNumber>1</oos:lotNumber><oos:document><oos:date>2015-08-03</oos:date></oos:document></oos:purchase><oos:contract><oos:productInfo>сладко-сливочное масло </oos:productInfo><oos:OKPD><oos:code>15.51.30.125</oos:code><oos:name>Масло сливочное сладко-сливочное несоленое с массовой долей жира от 50 % до 79 %, содержанием влаги не более 25 %</oos:name></oos:OKPD><oos:currency><oos:code>RUB</oos:code><oos:name>Российский рубль</oos:name></oos:currency><oos:price>635800</oos:price></oos:contract></unfairSupplier></export>