<?xml version="1.0" encoding="UTF-8"?><export xmlns:xsi="http://www.w3.org/2001/XMLSchema-instance" xmlns="http://zakupki.gov.ru/oos/export/1" xmlns:oos="http://zakupki.gov.ru/oos/types/1"><unfairSupplier schemeVersion="5.2"><oos:registryNum>РНП.54545-15</oos:registryNum><oos:publishDate>2015-09-10T00:00:00Z</oos:publishDate><oos:approveDate>2015-09-09T00:00:00Z</oos:approveDate><oos:state>PUBLISHED</oos:state><oos:publishOrg><oos:regNum>01561000126</oos:regNum><oos:fullName>УПРАВЛЕНИЕ ФЕДЕРАЛЬНОЙ АНТИМОНОПОЛЬНОЙ СЛУЖБЫ ПО ПЕРМСКОМУ КРАЮ</oos:fullName></oos:publishOrg><oos:createReason>WINNER_DEVIATION</oos:createReason><oos:approveReason>Приказ № 583-п от 08.09.2015 г.</oos:approveReason><oos:customer><oos:regNum>03563000015</oos:regNum><oos:fullName>МУНИЦИПАЛЬНОЕ КАЗЕННОЕ  УЧРЕЖДЕНИЕ &quot;УПРАВЛЕНИЕ КАПИТАЛЬНОГО СТРОИТЕЛЬСТВА Г. СОЛИКАМСКА&quot;</oos:fullName><oos:factAddress>Российская Федерация, 618554, Пермский край, Соликамск г, 20-ЛЕТИЯ ПОБЕДЫ, 92</oos:factAddress><oos:INN>5919008492</oos:INN><oos:KPP>591901001</oos:KPP></oos:customer><oos:unfairSupplier><oos:fullName>ОБЩЕСТВО С ОГРАНИЧЕННОЙ ОТВЕТСТВЕННОСТЬЮ &quot;ПРОМСТРОЙ&quot;</oos:fullName><oos:type>U</oos:type><oos:inn>5905296177</oos:inn><oos:place><oos:kladr><oos:kladrCode>590000010000104</oos:kladrCode><oos:fullName>Космонавта Беляева ул</oos:fullName><oos:subjectRF>Пермский край</oos:subjectRF><oos:area>Пермь г</oos:area><oos:street>Космонавта Беляева</oos:street><oos:building>19</oos:building></oos:kladr><oos:zip>614036</oos:zip><oos:place></oos:place><oos:email></oos:email></oos:place><oos:founders><oos:names>Симонян Арман Аветикович</oos:names><oos:inn>594808696468</oos:inn></oos:founders></oos:unfairSupplier><oos:purchase><oos:purchaseNumber>0156300001215000100</oos:purchaseNumber><oos:purchaseObjectInfo>Выполнение работ по ремонту автомобильной дороги по ул. Северная на участке от магазина &quot;Айсберг&quot; до ул. Комсомольская</oos:purchaseObjectInfo><oos:placingWayName>Электронный аукцион</oos:placingWayName><oos:protocolDate>2015-07-13</oos:protocolDate><oos:lotNumber>1</oos:lotNumber><oos:document><oos:date>2015-07-13</oos:date></oos:document></oos:purchase><oos:contract><oos:productInfo>Выполнение работ по ремонту автомобильной дороги по ул. Северная на участке от магазина «Айсберг» до ул. Комсомольская</oos:productInfo><oos:OKPD><oos:code>45.23.12.120</oos:code><oos:name>Работы общестроительные по устройству дорожных покрытий автомобильных дорог III-IV категорий</oos:name></oos:OKPD><oos:currency><oos:code>RUB</oos:code><oos:name>Российский рубль</oos:name></oos:currency><oos:price>12128280.46</oos:price></oos:contract></unfairSupplier></export>