<?xml version="1.0" encoding="UTF-8"?><export xmlns:xsi="http://www.w3.org/2001/XMLSchema-instance" xmlns="http://zakupki.gov.ru/oos/export/1" xmlns:oos="http://zakupki.gov.ru/oos/types/1"><unfairSupplier schemeVersion="5.2"><oos:approveDate>2015-09-09T00:00:00Z</oos:approveDate><oos:state>REVIEW_CANCELED</oos:state><oos:publishOrg><oos:regNum>01561000126</oos:regNum><oos:fullName>УПРАВЛЕНИЕ ФЕДЕРАЛЬНОЙ АНТИМОНОПОЛЬНОЙ СЛУЖБЫ ПО ПЕРМСКОМУ КРАЮ</oos:fullName></oos:publishOrg><oos:createReason>WINNER_DEVIATION</oos:createReason><oos:customer><oos:regNum>01561000108</oos:regNum><oos:fullName>ГЛАВНОЕ УПРАВЛЕНИЕ МИНИСТЕРСТВА РОССИЙСКОЙ ФЕДЕРАЦИИ ПО ДЕЛАМ ГРАЖДАНСКОЙ ОБОРОНЫ, ЧРЕЗВЫЧАЙНЫМ СИТУАЦИЯМ И ЛИКВИДАЦИИ ПОСЛЕДСТВИЙ СТИХИЙНЫХ БЕДСТВИЙ ПО ПЕРМСКОМУ КРАЮ</oos:fullName><oos:factAddress>Российская Федерация, 614000, Пермский край, Пермь г, Екатерининская, 53А</oos:factAddress><oos:INN>5902293442</oos:INN><oos:KPP>590201001</oos:KPP></oos:customer><oos:unfairSupplier><oos:fullName>ОБЩЕСТВО С ОГРАНИЧЕННОЙ ОТВЕТСТВЕННОСТЬЮ &quot;ФАБРИКА РЕКЛАМЫ 59&quot;</oos:fullName><oos:type>U</oos:type><oos:inn></oos:inn><oos:place><oos:kladr><oos:kladrCode>590000010001248</oos:kladrCode><oos:fullName>Уинская ул</oos:fullName><oos:subjectRF>Пермский край</oos:subjectRF><oos:area>Пермь г</oos:area><oos:street>Уинская</oos:street><oos:building>дом 4, корпус А</oos:building><oos:office>21</oos:office></oos:kladr><oos:zip>614051</oos:zip><oos:place></oos:place><oos:email></oos:email></oos:place><oos:founders><oos:names>Густокашин Виталий Николаевич</oos:names><oos:inn>590426813101</oos:inn></oos:founders><oos:founders><oos:names>Курчатов Эдуард Анатольевич</oos:names><oos:inn>590613062737</oos:inn></oos:founders></oos:unfairSupplier><oos:purchase><oos:purchaseNumber>0156100010815000060</oos:purchaseNumber><oos:purchaseObjectInfo>Поставка и установка рекламных материалов</oos:purchaseObjectInfo><oos:placingWayName>Электронный аукцион</oos:placingWayName><oos:protocolDate>2015-07-15</oos:protocolDate><oos:lotNumber>1</oos:lotNumber><oos:document><oos:date>2015-07-15</oos:date></oos:document></oos:purchase><oos:contract><oos:productInfo>Баннер 7м*9мФотоальбомБлокнотСтенд информационныйБаннер 5м*8м</oos:productInfo><oos:currency><oos:code>RUB</oos:code><oos:name>Российский рубль</oos:name></oos:currency><oos:price>169465.31</oos:price></oos:contract></unfairSupplier></export>