<?xml version="1.0" encoding="UTF-8"?><export xmlns:xsi="http://www.w3.org/2001/XMLSchema-instance" xmlns="http://zakupki.gov.ru/oos/export/1" xmlns:oos="http://zakupki.gov.ru/oos/types/1"><unfairSupplier schemeVersion="5.2"><oos:registryNum>РНП.54583-15</oos:registryNum><oos:publishDate>2015-09-10T00:00:00Z</oos:publishDate><oos:approveDate>2015-09-10T00:00:00Z</oos:approveDate><oos:state>PUBLISHED</oos:state><oos:publishOrg><oos:regNum>01731000090</oos:regNum><oos:fullName>УПРАВЛЕНИЕ ФЕДЕРАЛЬНОЙ АНТИМОНОПОЛЬНОЙ СЛУЖБЫ ПО Г. МОСКВЕ</oos:fullName></oos:publishOrg><oos:createReason>CANCEL_CONTRACT</oos:createReason><oos:approveReason>Решение Московского УФАС России по делу №2-19-7594/77-15</oos:approveReason><oos:customer><oos:regNum>01731000028</oos:regNum><oos:fullName>МОСКОВСКО-ОКСКОЕ ТЕРРИТОРИАЛЬНОЕ УПРАВЛЕНИЕ ФЕДЕРАЛЬНОГО АГЕНТСТВА ПО РЫБОЛОВСТВУ</oos:fullName><oos:factAddress>Российская Федерация, 117105, Москва, Варшавское, 39А</oos:factAddress><oos:INN>7702667310</oos:INN><oos:KPP>772401001</oos:KPP></oos:customer><oos:unfairSupplier><oos:fullName>Дашков Владимир Александрович</oos:fullName><oos:type>P</oos:type><oos:firmName>ИП Дашков Владимир Александрович</oos:firmName><oos:inn>772782824827</oos:inn><oos:place><oos:kladr><oos:kladrCode>770000000002392</oos:kladrCode><oos:fullName>Профсоюзная ул</oos:fullName><oos:subjectRF>Москва</oos:subjectRF><oos:street>Профсоюзная</oos:street><oos:building>д. 43, корп. 2, кв. 179</oos:building></oos:kladr><oos:zip>117420</oos:zip><oos:place></oos:place><oos:email></oos:email></oos:place></oos:unfairSupplier><oos:purchase><oos:purchaseNumber>0173100002815000041</oos:purchaseNumber><oos:purchaseObjectInfo>Выполнение работ по монтажу волоконно-оптического
кабеля линии связи </oos:purchaseObjectInfo><oos:placingWayName>Запрос котировок</oos:placingWayName><oos:protocolDate>2015-04-30</oos:protocolDate><oos:lotNumber>1</oos:lotNumber><oos:document><oos:date>2015-04-30</oos:date></oos:document></oos:purchase><oos:contract><oos:regNum>1770266731015000038</oos:regNum><oos:productInfo>выполнение работ по монтажу волоконно-оптического кабеля линии связи </oos:productInfo><oos:OKPD><oos:code>45.21.36.120</oos:code><oos:name>Работы общестроительные по ремонту линий связи, воздушных (надземных)</oos:name></oos:OKPD><oos:currency><oos:code>RUB</oos:code><oos:name>Российский рубль</oos:name></oos:currency><oos:price>28900</oos:price><oos:cancel><oos:signDate>2015-05-20</oos:signDate><oos:performanceDate>2015-05-31</oos:performanceDate><oos:base><oos:name>Односторонний отказ заказчика от исполнения контракта в соответствии с гражданским законодательством</oos:name></oos:base><oos:cancelDate>2015-06-01</oos:cancelDate></oos:cancel></oos:contract></unfairSupplier></export>