<?xml version="1.0" encoding="UTF-8"?><export xmlns:xsi="http://www.w3.org/2001/XMLSchema-instance" xmlns="http://zakupki.gov.ru/oos/export/1" xmlns:oos="http://zakupki.gov.ru/oos/types/1"><unfairSupplier schemeVersion="5.2"><oos:registryNum>РНП.54522-15</oos:registryNum><oos:publishDate>2015-09-10T00:00:00Z</oos:publishDate><oos:approveDate>2015-09-07T00:00:00Z</oos:approveDate><oos:state>PUBLISHED</oos:state><oos:publishOrg><oos:regNum>01511000186</oos:regNum><oos:fullName>УПРАВЛЕНИЕ ФЕДЕРАЛЬНОЙ АНТИМОНОПОЛЬНОЙ СЛУЖБЫ ПО НОВОСИБИРСКОЙ ОБЛАСТИ</oos:fullName></oos:publishOrg><oos:createReason>CANCEL_CONTRACT</oos:createReason><oos:approveReason>Решение № РНП-54-222</oos:approveReason><oos:customer><oos:regNum>01191000114</oos:regNum><oos:fullName>Управление Судебного департамента в Красноярском крае</oos:fullName><oos:factAddress>Российская Федерация, 660049, Красноярский край, Красноярск г, Мира, 86, -</oos:factAddress><oos:INN>2466073216</oos:INN><oos:KPP>246601001</oos:KPP></oos:customer><oos:unfairSupplier><oos:fullName>ОБЩЕСТВО С ОГРАНИЧЕННОЙ ОТВЕТСТВЕННОСТЬЮ &quot;ВЕКТОР-95&quot;</oos:fullName><oos:type>U</oos:type><oos:inn>2465038988</oos:inn><oos:kpp>246401001</oos:kpp><oos:place><oos:kladr><oos:kladrCode>240000010000013</oos:kladrCode><oos:fullName>60 лет Октября ул</oos:fullName><oos:subjectRF>Красноярский край</oos:subjectRF><oos:area>Красноярск г</oos:area><oos:street>60 лет Октября</oos:street><oos:building>124 &quot;И&quot;</oos:building></oos:kladr><oos:zip>660079</oos:zip><oos:place></oos:place><oos:email></oos:email></oos:place></oos:unfairSupplier><oos:purchase><oos:purchaseNumber>0119100011413000094</oos:purchaseNumber><oos:purchaseObjectInfo>строительство и ввод в эксплуатацию здания Центрального районного суда г.Красноярска</oos:purchaseObjectInfo><oos:placingWayName>Открытый аукцион в электронной форме</oos:placingWayName><oos:protocolDate>2013-06-10</oos:protocolDate><oos:lotNumber>1</oos:lotNumber><oos:document><oos:name>Протокол подведения итогов аукциона</oos:name><oos:date>2013-06-10</oos:date><oos:number>0119100011413000094-3</oos:number></oos:document></oos:purchase><oos:contract><oos:regNum>0119100011413000223</oos:regNum><oos:productInfo>Строительство и ввод в эксплуатацию здания</oos:productInfo><oos:OKPD><oos:code>45.21.14.110</oos:code><oos:name>Работы общестроительные по возведению административных зданий</oos:name></oos:OKPD><oos:currency><oos:code>RUB</oos:code><oos:name>Российский рубль</oos:name></oos:currency><oos:price>263328841.75</oos:price><oos:cancel><oos:signDate>2013-06-27</oos:signDate><oos:performanceDate>2015-12-31</oos:performanceDate><oos:base><oos:name>Решение заказчика об одностороннем отказе от исполнения контракта</oos:name></oos:base><oos:cancelDate>2014-10-06</oos:cancelDate></oos:cancel></oos:contract></unfairSupplier></export>