<?xml version="1.0" encoding="UTF-8"?><export xmlns:xsi="http://www.w3.org/2001/XMLSchema-instance" xmlns="http://zakupki.gov.ru/oos/export/1" xmlns:oos="http://zakupki.gov.ru/oos/types/1"><unfairSupplier schemeVersion="5.2"><oos:registryNum>РНП.54586-15</oos:registryNum><oos:publishDate>2015-09-10T00:00:00Z</oos:publishDate><oos:approveDate>2015-09-10T00:00:00Z</oos:approveDate><oos:state>PUBLISHED</oos:state><oos:publishOrg><oos:regNum>01211000073</oos:regNum><oos:fullName>Управление Федеральной антимонопольной службы по Ставропольскому краю</oos:fullName></oos:publishOrg><oos:createReason>CANCEL_CONTRACT</oos:createReason><oos:approveReason>Решение РНП-26-368</oos:approveReason><oos:customer><oos:regNum>03211000346</oos:regNum><oos:fullName>ФЕДЕРАЛЬНОЕ ГОСУДАРСТВЕННОЕ БЮДЖЕТНОЕ УЧРЕЖДЕНИЕ &quot;СЕВЕРО-КАВКАЗСКИЙ СПЕЦИАЛИЗИРОВАННЫЙ САНАТОРНО-РЕАБИЛИТАЦИОННЫЙ ЦЕНТР МЧС РОССИИ&quot;</oos:fullName><oos:factAddress>Российская Федерация, 357748, Ставропольский край, Кисловодск г, ПОБЕДЫ, 24</oos:factAddress><oos:INN>2628802426</oos:INN><oos:KPP>262801001</oos:KPP></oos:customer><oos:unfairSupplier><oos:fullName>ОБЩЕСТВО С ОГРАНИЧЕННОЙ ОТВЕТСТВЕННОСТЬЮ &quot;ЕССЕНТУКСКОЕ ВДПО&quot;</oos:fullName><oos:type>U</oos:type><oos:inn>2635818868</oos:inn><oos:kpp>263501001</oos:kpp><oos:place><oos:kladr><oos:kladrCode>260000010000041</oos:kladrCode><oos:fullName>Балахонова ул</oos:fullName><oos:subjectRF>Ставропольский край</oos:subjectRF><oos:area>Ставрополь г</oos:area><oos:street>Балахонова</oos:street><oos:building>30</oos:building></oos:kladr><oos:zip>355041</oos:zip><oos:place></oos:place><oos:email></oos:email></oos:place></oos:unfairSupplier><oos:purchase><oos:purchaseNumber>0321100034615000043</oos:purchaseNumber><oos:purchaseObjectInfo>оказание услуг по ТО системы охранно-пожарной автоматики и программно-аппаратного комплекса Стрелец-мониторинг</oos:purchaseObjectInfo><oos:placingWayName>Запрос котировок</oos:placingWayName><oos:protocolDate>2015-07-02</oos:protocolDate><oos:lotNumber>1</oos:lotNumber><oos:document><oos:date>2015-07-02</oos:date></oos:document></oos:purchase><oos:contract><oos:regNum>1262880242615000052</oos:regNum><oos:productInfo>оказание услуг по ТО системы охранно-пожарной автоматики и программно-аппаратного комплекса «Стрелец-мониторинг»</oos:productInfo><oos:OKPD><oos:code>70.32.13.822</oos:code><oos:name>Работы по техническому обслуживанию (содержанию) систем пожарной сигнализации, кроме работ, выполняемых по индивидуальным заказам</oos:name></oos:OKPD><oos:currency><oos:code>RUB</oos:code><oos:name>Российский рубль</oos:name></oos:currency><oos:price>87000</oos:price><oos:cancel><oos:signDate>2015-07-10</oos:signDate><oos:performanceDate>2015-09-30</oos:performanceDate><oos:base><oos:name>Односторонний отказ заказчика от исполнения контракта в соответствии с гражданским законодательством</oos:name></oos:base><oos:cancelDate>2015-08-24</oos:cancelDate></oos:cancel></oos:contract></unfairSupplier></export>