<?xml version="1.0" encoding="UTF-8"?><export xmlns:xsi="http://www.w3.org/2001/XMLSchema-instance" xmlns="http://zakupki.gov.ru/oos/export/1" xmlns:oos="http://zakupki.gov.ru/oos/types/1"><unfairSupplier schemeVersion="5.2"><oos:registryNum>РНП.54547-15</oos:registryNum><oos:publishDate>2015-09-10T00:00:00Z</oos:publishDate><oos:approveDate>2015-09-09T00:00:00Z</oos:approveDate><oos:state>PUBLISHED</oos:state><oos:publishOrg><oos:regNum>01241000043</oos:regNum><oos:fullName>УПРАВЛЕНИЕ ФЕДЕРАЛЬНОЙ АНТИМОНОПОЛЬНОЙ СЛУЖБЫ ПО АРХАНГЕЛЬСКОЙ ОБЛАСТИ</oos:fullName></oos:publishOrg><oos:createReason>WINNER_DEVIATION</oos:createReason><oos:approveReason>Приказ Архангельского УФАС № 447 от 07.09.2015</oos:approveReason><oos:customer><oos:regNum>02241000018</oos:regNum><oos:fullName>ГОСУДАРСТВЕННОЕ УЧРЕЖДЕНИЕ - ОТДЕЛЕНИЕ ПЕНСИОННОГО ФОНДА РОССИЙСКОЙ ФЕДЕРАЦИИ ПО АРХАНГЕЛЬСКОЙ ОБЛАСТИ</oos:fullName><oos:factAddress>Российская Федерация, 163038, Архангельская обл, Архангельск г, СЕВЕРНОЙ ДВИНЫ, 28</oos:factAddress><oos:INN>2901038317</oos:INN><oos:KPP>290101001</oos:KPP></oos:customer><oos:unfairSupplier><oos:fullName>ОБЩЕСТВО С ОГРАНИЧЕННОЙ ОТВЕТСТВЕННОСТЬЮ &quot;СТАЛКЕР&quot;</oos:fullName><oos:type>U</oos:type><oos:firmName>ООО &quot;СТАЛКЕР&quot;</oos:firmName><oos:inn>7702846284</oos:inn><oos:kpp>770201001</oos:kpp><oos:place><oos:kladr><oos:kladrCode>770000000003171</oos:kladrCode><oos:fullName>Щепкина ул</oos:fullName><oos:subjectRF>Москва</oos:subjectRF><oos:street>Щепкина</oos:street><oos:building>12</oos:building></oos:kladr><oos:zip>129090</oos:zip><oos:place></oos:place><oos:email>Stalkermsk2014@mail.ru</oos:email></oos:place><oos:founders><oos:names>ГЛОТОВА ЛЮБОВЬ АЛЕКСАНДРОВНА</oos:names><oos:inn>771870699299</oos:inn></oos:founders></oos:unfairSupplier><oos:purchase><oos:purchaseNumber>0224100001815000028</oos:purchaseNumber><oos:purchaseObjectInfo>Поставка картриджей для лазерных принтеров для нужд Государственного учреждения - Отделения Пенсионного фонда Российской Федерации по Архангельской области</oos:purchaseObjectInfo><oos:placingWayName>Электронный аукцион</oos:placingWayName><oos:protocolDate>2015-07-13</oos:protocolDate><oos:lotNumber>1</oos:lotNumber><oos:document><oos:date>2015-07-13</oos:date></oos:document></oos:purchase><oos:contract><oos:productInfo>Картридж для лазерного принтера Samsung ML-3710NDКартридж для лазерного принтера Samsung ML-3750ND</oos:productInfo><oos:currency><oos:code>RUB</oos:code><oos:name>Российский рубль</oos:name></oos:currency><oos:price>294120</oos:price></oos:contract></unfairSupplier></export>