<?xml version="1.0" encoding="UTF-8"?><export xmlns:xsi="http://www.w3.org/2001/XMLSchema-instance" xmlns="http://zakupki.gov.ru/oos/export/1" xmlns:oos="http://zakupki.gov.ru/oos/types/1"><unfairSupplier schemeVersion="5.2"><oos:registryNum>РНП.54534-15</oos:registryNum><oos:publishDate>2015-09-10T00:00:00Z</oos:publishDate><oos:approveDate>2015-09-08T00:00:00Z</oos:approveDate><oos:state>PUBLISHED</oos:state><oos:publishOrg><oos:regNum>01731000090</oos:regNum><oos:fullName>УПРАВЛЕНИЕ ФЕДЕРАЛЬНОЙ АНТИМОНОПОЛЬНОЙ СЛУЖБЫ ПО Г. МОСКВЕ</oos:fullName></oos:publishOrg><oos:createReason>CANCEL_CONTRACT</oos:createReason><oos:approveReason>Решение</oos:approveReason><oos:customer><oos:regNum>03732000504</oos:regNum><oos:fullName>ГОСУДАРСТВЕННОЕ БЮДЖЕТНОЕ УЧРЕЖДЕНИЕ ЗДРАВООХРАНЕНИЯ ГОРОДА МОСКВЫ &quot;ДИАГНОСТИЧЕСКИЙ ЦЕНТР № 5 С ПОЛИКЛИНИЧЕСКИМ ОТДЕЛЕНИЕМ ДЕПАРТАМЕНТА ЗДРАВООХРАНЕНИЯ ГОРОДА МОСКВЫ&quot;</oos:fullName><oos:factAddress>Российская Федерация, 127572, Москва, АБРАМЦЕВСКАЯ, 16</oos:factAddress><oos:INN>7715065224</oos:INN><oos:KPP>771501001</oos:KPP></oos:customer><oos:unfairSupplier><oos:fullName>ООО «Цефей»</oos:fullName><oos:type>U</oos:type><oos:inn>7743893639</oos:inn><oos:place><oos:kladr><oos:kladrCode>770000000000710</oos:kladrCode><oos:fullName>Авангардная ул</oos:fullName><oos:subjectRF>Москва</oos:subjectRF><oos:street>Авангардная</oos:street><oos:building>д.6 к. 1/181</oos:building></oos:kladr><oos:zip>125493</oos:zip><oos:place></oos:place><oos:email></oos:email></oos:place><oos:founders><oos:names>1. Зарицкая Анастасия Сергеевна</oos:names><oos:inn>1. 343704267842</oos:inn></oos:founders></oos:unfairSupplier><oos:purchase><oos:purchaseNumber>0373200050415000016</oos:purchaseNumber><oos:purchaseObjectInfo>Выполнение работ по проведению лабораторно-инструментальных исследований и измерений 
(в рамках производственного контроля) в ГБУЗ «ДЦ № 5 ДЗМ» в 2015 год</oos:purchaseObjectInfo><oos:placingWayName>Электронный аукцион</oos:placingWayName><oos:protocolDate>2015-04-15</oos:protocolDate><oos:lotNumber>1</oos:lotNumber><oos:document><oos:date>2015-04-15</oos:date></oos:document></oos:purchase><oos:contract><oos:productInfo>выполнение работ по проведению лабораторно-инструментальных исследований и измерений (в рамках производственного контроля) в ГБУЗ «ДЦ № 5 ДЗМ» в 2015 год</oos:productInfo><oos:currency><oos:code>RUB</oos:code><oos:name>Российский рубль</oos:name></oos:currency><oos:price>1000000</oos:price><oos:cancel><oos:signDate>2015-05-01</oos:signDate><oos:performanceDate></oos:performanceDate><oos:base><oos:name>выполнение работ по условиям государственного контракта ООО «Цефей» не осуществлялись</oos:name></oos:base><oos:cancelDate>2015-07-03</oos:cancelDate></oos:cancel></oos:contract></unfairSupplier></export>