<?xml version="1.0" encoding="UTF-8"?><export xmlns:xsi="http://www.w3.org/2001/XMLSchema-instance" xmlns="http://zakupki.gov.ru/oos/export/1" xmlns:oos="http://zakupki.gov.ru/oos/types/1"><unfairSupplier schemeVersion="5.2"><oos:registryNum>РНП.54525-15</oos:registryNum><oos:publishDate>2015-09-10T00:00:00Z</oos:publishDate><oos:approveDate>2015-09-09T00:00:00Z</oos:approveDate><oos:state>PUBLISHED</oos:state><oos:publishOrg><oos:regNum>03871000152</oos:regNum><oos:fullName>УПРАВЛЕНИЕ ФЕДЕРАЛЬНОЙ АНТИМОНОПОЛЬНОЙ СЛУЖБЫ ПО ХАНТЫ-МАНСИЙСКОМУ АВТОНОМНОМУ ОКРУГУ - ЮГРЕ</oos:fullName></oos:publishOrg><oos:createReason>CANCEL_CONTRACT</oos:createReason><oos:approveReason>Решение</oos:approveReason><oos:customer><oos:regNum>03873000248</oos:regNum><oos:fullName>Муниципальное казенное учреждение &quot;Капитальное строительство&quot;</oos:fullName><oos:factAddress>Российская Федерация, 628681, Ханты-Мансийский Автономный округ - Югра АО, Мегион г, Советская, 19, -</oos:factAddress><oos:INN>8605015624</oos:INN><oos:KPP>860501001</oos:KPP></oos:customer><oos:unfairSupplier><oos:fullName>Общество с ограниченной ответственностью &quot;МАММОНТ&quot;</oos:fullName><oos:type>U</oos:type><oos:inn>7724709098</oos:inn><oos:kpp>772401001</oos:kpp><oos:place><oos:kladr><oos:kladrCode>77000000000</oos:kladrCode><oos:fullName>Москва</oos:fullName><oos:subjectRF>Москва</oos:subjectRF><oos:street>Бакинская ул</oos:street><oos:building>2</oos:building></oos:kladr><oos:zip>115516</oos:zip><oos:place></oos:place><oos:email>alex/mammont@yandex.ru</oos:email></oos:place><oos:founders><oos:names>Панин Михаил Викторович</oos:names><oos:inn></oos:inn></oos:founders></oos:unfairSupplier><oos:purchase><oos:purchaseNumber>0187300004515000084</oos:purchaseNumber><oos:purchaseObjectInfo>

Поставка
двойного хоккейного борта для комплектации объекта:
&quot;Физкультурно-спортивный комплекс с ледовой ареной в г. Мегион&quot;.</oos:purchaseObjectInfo><oos:placingWayName>Электронный аукцион</oos:placingWayName><oos:protocolDate>2015-04-27</oos:protocolDate><oos:lotNumber>1</oos:lotNumber><oos:document><oos:date>2015-04-27</oos:date></oos:document></oos:purchase><oos:contract><oos:regNum>3860501562415000017</oos:regNum><oos:productInfo>Поставка двойного хоккейного борта для комплектации объекта: &quot;Физкультурно-спортивный комплекс с ледовой ареной в г. Мегион&quot;</oos:productInfo><oos:OKPD><oos:code>28.73.13.132</oos:code><oos:name>Решетки, сетки и ограждения из проволоки из черных металлов, покрытые пластмассой (кроме сварных)</oos:name></oos:OKPD><oos:currency><oos:code>RUB</oos:code><oos:name>Российский рубль</oos:name></oos:currency><oos:price>7021663.48</oos:price><oos:cancel><oos:signDate>2015-05-13</oos:signDate><oos:performanceDate>2015-12-31</oos:performanceDate><oos:base><oos:name>Односторонний отказ заказчика от исполнения контракта в соответствии с гражданским законодательством</oos:name><oos:number>1365</oos:number><oos:date>2015-07-07</oos:date></oos:base><oos:cancelDate>2015-08-17</oos:cancelDate></oos:cancel></oos:contract></unfairSupplier></export>