<?xml version="1.0" encoding="UTF-8"?><export xmlns:xsi="http://www.w3.org/2001/XMLSchema-instance" xmlns="http://zakupki.gov.ru/oos/export/1" xmlns:oos="http://zakupki.gov.ru/oos/types/1"><unfairSupplier schemeVersion="5.2"><oos:registryNum>РНП.54554-15</oos:registryNum><oos:publishDate>2015-09-10T00:00:00Z</oos:publishDate><oos:approveDate>2015-09-09T00:00:00Z</oos:approveDate><oos:state>PUBLISHED</oos:state><oos:publishOrg><oos:regNum>01731000090</oos:regNum><oos:fullName>УПРАВЛЕНИЕ ФЕДЕРАЛЬНОЙ АНТИМОНОПОЛЬНОЙ СЛУЖБЫ ПО Г. МОСКВЕ</oos:fullName></oos:publishOrg><oos:createReason>CANCEL_CONTRACT</oos:createReason><oos:approveReason>Решение</oos:approveReason><oos:customer><oos:regNum>03731000035</oos:regNum><oos:fullName>ФЕДЕРАЛЬНОЕ ГОСУДАРСТВЕННОЕ БЮДЖЕТНОЕ УЧРЕЖДЕНИЕ &quot;СПЕЦИАЛЬНЫЙ ЛЕТНЫЙ ОТРЯД &quot;РОССИЯ&quot; УПРАВЛЕНИЯ ДЕЛАМИ ПРЕЗИДЕНТА РОССИЙСКОЙ ФЕДЕРАЦИИ</oos:fullName><oos:factAddress>Российская Федерация, 119027, Москва, РЕЙСОВАЯ 1-Я, 2</oos:factAddress><oos:INN>7732537999</oos:INN><oos:KPP>772901001</oos:KPP></oos:customer><oos:unfairSupplier><oos:fullName>ООО «Группа компаний СтройЛюкс»</oos:fullName><oos:type>U</oos:type><oos:inn>7725594996</oos:inn><oos:place><oos:kladr><oos:kladrCode>770000000001856</oos:kladrCode><oos:fullName>Мира пр-кт</oos:fullName><oos:subjectRF>Москва</oos:subjectRF><oos:street>Мира</oos:street><oos:building>105 стр.1 оф. 459</oos:building></oos:kladr><oos:zip>129085</oos:zip><oos:place></oos:place><oos:email></oos:email></oos:place><oos:founders><oos:names>Цаплев Юрий Николаевич</oos:names><oos:inn>770502730188</oos:inn></oos:founders></oos:unfairSupplier><oos:purchase><oos:purchaseNumber>0373100003515000161</oos:purchaseNumber><oos:purchaseObjectInfo>текущий ремонт здания технического домика АТК (строение 32).</oos:purchaseObjectInfo><oos:placingWayName>Электронный аукцион</oos:placingWayName><oos:protocolDate>2015-05-15</oos:protocolDate><oos:lotNumber>1</oos:lotNumber><oos:document><oos:date>2015-05-15</oos:date></oos:document></oos:purchase><oos:contract><oos:productInfo>текущий ремонт здания технического домика АТК (строение 32) </oos:productInfo><oos:currency><oos:code>RUB</oos:code><oos:name>Российский рубль</oos:name></oos:currency><oos:price>100000</oos:price><oos:cancel><oos:signDate>2015-06-08</oos:signDate><oos:performanceDate>2015-09-01</oos:performanceDate><oos:base><oos:name>Общество «Группа компаний СтройЛюкс» до даты принятия решения не приступил к выполнению своих обязательств по договору, при этом срок выполнения подрядчиком обязательств по контракту состовляет 40 календарных дней с даты его подписания. До настоящего времени подрядчик к выполнению работ не приступил</oos:name></oos:base><oos:cancelDate>2015-07-27</oos:cancelDate></oos:cancel></oos:contract></unfairSupplier></export>